zone,seconds
hr_z1_s,26163.124000000003
hr_z2_s,39499.757999999994
hr_z3_s,20470.631000000005
hr_z4_s,19739.346000000005
hr_z5_s,3495.4849999999997
